<FluentXMLReport>
<version>
Fluent
Version: 3d, dp, pbns, sstkw (3d, double precision, pressure-based, SST k-omega)
Release: 21.1.0
Title: 
</version>

<Models>

Models
------

   Model                        Settings                       
   ---------------------------------------------------------
   Space                        3D                             
   Time                         Steady                         
   Viscous                      SST k-omega turbulence model   
   Heat Transfer                Enabled                        
   Solidification and Melting   Disabled                       
   Radiation                    None                           
   Species                      Disabled                       
   Coupled Dispersed Phase      Disabled                       
   NOx Pollutants               Disabled                       
   SOx Pollutants               Disabled                       
   Soot                         Disabled                       
   Mercury Pollutants           Disabled                       
   Structure                    Disabled                       
   Acoustics                    Disabled                       
   Eulerian Wall Film           Disabled                       
   Potential/Li-ion Battery     Disabled                       
   Multiphase                   Disabled                       

</Models>

<MaterialProperties>
Material Properties
-------------------

   Material: air (fluid)

      Property                        Units      Method     Value(s)     
      ----------------------------------------------------------------
      Density                         kg/m^3     constant   1.225        
      Cp (Specific Heat)              J/(kg K)   constant   1006.43      
      Thermal Conductivity            W/(m K)    constant   0.0242       
      Viscosity                       kg/(m s)   constant   1.7894e-05   
      Molecular Weight                kg/kmol    constant   28.966       
      Thermal Expansion Coefficient   K^-1       constant   0            
      Speed of Sound                  m/s        none       #f           

   Material: aluminum (solid)

      Property               Units      Method     Value(s)   
      -----------------------------------------------------
      Density                kg/m^3     constant   2719       
      Cp (Specific Heat)     J/(kg K)   constant   871        
      Thermal Conductivity   W/(m K)    constant   202.4      

</MaterialProperties>

<CellZoneConditions>
Cell Zone Conditions
--------------------

   Zones

      name           id   type    
      -------------------------
      fluid-domain   2    fluid   

   Setup Conditions

      fluid-domain

         Condition       Value   
         ---------------------
         Frame Motion?   no      

</CellZoneConditions>

<BoundaryConditions>
Boundary Conditions
-------------------

   Zones

      name               id   type              
      ---------------------------------------
      inlet              5    velocity-inlet    
      outlet             6    pressure-outlet   
      wall_r             7    wall              
      wall_l             8    wall              
      wall_up            9    wall              
      wall_down          10   wall              
      battry_cell_wall   11   wall              

   Setup Conditions

      inlet

         Condition                       Value        
         ------------------------------------------
         Velocity Specification Method   Components   
         Z-Velocity [m/s]                -0.4         

      outlet

         Condition   Value   
         -----------------

      wall_r

         Condition                  Value             
         ------------------------------------------
         Thermal BC Type            Heat Flux         
         Wall Motion                Stationary Wall   
         Shear Boundary Condition   No Slip           
         Wall Surface Roughness     0                 

      wall_l

         Condition                  Value             
         ------------------------------------------
         Thermal BC Type            Heat Flux         
         Wall Motion                Stationary Wall   
         Shear Boundary Condition   No Slip           
         Wall Surface Roughness     0                 

      wall_up

         Condition                  Value             
         ------------------------------------------
         Thermal BC Type            Heat Flux         
         Wall Motion                Stationary Wall   
         Shear Boundary Condition   No Slip           
         Wall Surface Roughness     0                 

      wall_down

         Condition                  Value             
         ------------------------------------------
         Thermal BC Type            Heat Flux         
         Wall Motion                Stationary Wall   
         Shear Boundary Condition   No Slip           
         Wall Surface Roughness     0                 

      battry_cell_wall

         Condition                  Value             
         ------------------------------------------
         Thermal BC Type            Temperature       
         Temperature [K]            353               
         Wall Motion                Stationary Wall   
         Shear Boundary Condition   No Slip           
         Wall Surface Roughness     0                 

</BoundaryConditions>

<SolverSettings>
Solver Settings
---------------

   Equations

      Equation     Solved   
      -------------------
      Flow         yes      
      Turbulence   yes      
      Energy       yes      

   Numerics

      Numeric                         Enabled   
      ---------------------------------------
      Absolute Velocity Formulation   yes       

   Under-Relaxation Factors

      Variable                    Relaxation Factor   
      ---------------------------------------------
      Pressure                    0.3                 
      Density                     1                   
      Body Forces                 1                   
      Momentum                    0.7                 
      Turbulent Kinetic Energy    0.8                 
      Specific Dissipation Rate   0.8                 
      Turbulent Viscosity         1                   
      Energy                      1                   

   Linear Solver

      Variable                    Solver Type   Termination Criterion   Residual Reduction Tolerance   
      ----------------------------------------------------------------------------------------------
      Pressure                    V-Cycle       0.1                                                    
      X-Momentum                  Flexible      0.1                     0.7                            
      Y-Momentum                  Flexible      0.1                     0.7                            
      Z-Momentum                  Flexible      0.1                     0.7                            
      Turbulent Kinetic Energy    Flexible      0.1                     0.7                            
      Specific Dissipation Rate   Flexible      0.1                     0.7                            
      Energy                      F-Cycle       0.1                                                    

   Pressure-Velocity Coupling

      Parameter             Value     
      -----------------------------
      Type                  SIMPLEC   
      Skewness Correction   0         

   Discretization Scheme

      Variable                    Scheme                
      -----------------------------------------------
      Pressure                    Second Order          
      Momentum                    Second Order Upwind   
      Turbulent Kinetic Energy    Second Order Upwind   
      Specific Dissipation Rate   Second Order Upwind   
      Energy                      Second Order Upwind   

   Solution Limits

      Quantity                         Limit    
      ---------------------------------------
      Minimum Absolute Pressure        1        
      Maximum Absolute Pressure        5e+10    
      Minimum Temperature              1        
      Maximum Temperature              5000     
      Minimum Turb. Kinetic Energy     1e-14    
      Minimum Spec. Dissipation Rate   1e-20    
      Maximum Turb. Viscosity Ratio    100000   

</SolverSettings>

</FluentXMLReport>